rank,code,name,probability,confidence,bid_change,bid_turnover,free_mv_yi,strength,yday_chg,bid_amt_wan,bid_ratio,s_bid,c_bid,s_activity,c_activity,s_warn,c_warn,s_market,c_market,s_yesterday,c_yesterday,sum_contrib,vol_ratio,vol_bucket,ai_prob,ai_bucket
1,603328,依顿电子,92,90,3.88,0.43416575130971746,59.935635,1.0,9.9772,2602.2,6.42,1.0,25.0,0.88,22.0,1.0,35.0,0.68,6.8,0.65,3.25,92.05,6.96,1.0,1.0,1.0
2,000993,闽东电力,90,90,3.26,0.7076180657196206,36.5577156,1.0,-6.383,2586.89,1.91,1.0,25.0,0.88,22.0,1.0,35.0,0.68,6.8,0.15,0.75,89.55,4.87,1.0,1.0,1.0
3,300300,海峡创新,89,90,2.42,0.40772357012541627,56.95231206,1.0,19.9778,2322.08,1.45,0.88,22.0,0.88,22.0,1.0,35.0,0.68,6.8,0.65,3.25,89.05,3.36,1.0,1.0,1.0
4,301218,华是科技,89,90,2.66,0.5356252322404852,36.33884072,1.0,13.1767,1946.4,1.54,0.88,22.0,0.88,22.0,1.0,35.0,0.68,6.8,0.65,3.25,89.05,4.88,1.0,1.0,1.0
5,600152,维科技术,89,90,5.89,0.6398079502070765,33.15213572,1.0,10.0529,2121.1,7.34,0.88,22.0,0.88,22.0,1.0,35.0,0.68,6.8,0.65,3.25,89.05,35.79,1.0,1.0,1.0
6,600982,宁波能源,89,90,2.73,0.636206583379613,30.95048136,1.0,10.02,1969.09,7.4,0.88,22.0,0.88,22.0,1.0,35.0,0.68,6.8,0.65,3.25,89.05,23.97,1.0,1.0,1.0
7,603636,南威软件,89,90,2.67,0.6134639367241362,31.24845464,1.0,10.0699,1916.98,3.6,0.88,22.0,0.88,22.0,1.0,35.0,0.68,6.8,0.65,3.25,89.05,8.85,1.0,1.0,1.0
8,301699,洛轴股份,88,83,1.78,1.1031506178668062,26.83967132,1.0,19.9865,2960.82,3.41,0.65,16.25,1.0,25.0,1.0,35.0,0.88,8.8,0.65,3.25,88.3,6.04,1.0,1.0,1.0
9,002849,威星智能,86,75,6.59,0.3704341576252822,43.582374,1.0,4.219,1614.44,2.16,0.88,22.0,0.72,18.0,1.0,35.0,0.68,6.8,0.9,4.5,86.3,5.08,1.0,1.0,1.0
10,603200,上海洗霸,86,83,1.99,0.990418123326034,35.27247652,1.0,10.0081,3493.45,23.23,0.65,16.25,1.0,25.0,1.0,35.0,0.68,6.8,0.65,3.25,86.3,50.36,1.0,1.0,1.0
11,688143,长盈通,81,72,4.31,0.22913691562945365,177.702488,0.8375,9.1972,4071.82,2.03,1.0,25.0,0.72,18.0,0.8375,29.31,0.45,4.5,0.9,4.5,81.31,4.66,1.0,None,0.35
12,002913,奥士康,80,72,4.1,0.26803351474723913,94.51504609,0.8375,10.0,2533.32,3.14,1.0,25.0,0.72,18.0,0.8375,29.31,0.45,4.5,0.65,3.25,80.06,4.92,1.0,None,0.35
13,600593,大连圣亚,77,73,1.6,0.4254470171490483,29.18083686,0.8375,-3.0468,1241.49,1.79,0.65,16.25,0.88,22.0,0.8375,29.31,0.88,8.8,0.15,0.75,77.11,3.97,1.0,None,0.35
14,001330,博纳影业,76,83,0.9,0.7460752621466389,65.83424286,1.0,4.2453,4911.73,2.35,0.4,10.0,0.88,22.0,1.0,35.0,0.45,4.5,0.9,4.5,76.0,11.32,1.0,1.0,1.0
15,000892,欢瑞世纪,71,73,0.44,0.4559031856290289,26.4979504,0.8375,-0.8791,1208.05,4.2,0.4,10.0,0.88,22.0,0.8375,29.31,0.88,8.8,0.25,1.25,71.36,5.22,1.0,None,0.35
16,002962,五方光电,71,73,0.2,0.44254362817077053,26.57455503,0.8375,-0.4065,1176.04,1.5,0.4,10.0,0.88,22.0,0.8375,29.31,0.88,8.8,0.25,1.25,71.36,9.04,1.0,None,0.35
17,300642,透景生命,71,73,0.86,0.4489237829844848,23.55500065,0.8375,-2.1654,1057.44,1.98,0.4,10.0,0.88,22.0,0.8375,29.31,0.88,8.8,0.25,1.25,71.36,3.81,1.0,None,0.35
18,600189,泉阳泉,71,73,1.0,0.4286675733868741,36.8465006,0.8375,10.0122,1579.49,8.96,0.4,10.0,0.88,22.0,0.8375,29.31,0.68,6.8,0.65,3.25,71.36,15.13,1.0,None,0.35
19,688655,迅捷兴,71,73,0.38,0.4215103211726568,55.29473142,0.8375,20.0063,2330.73,2.45,0.4,10.0,0.88,22.0,0.8375,29.31,0.68,6.8,0.65,3.25,71.36,5.6,1.0,None,0.35
20,688192,迪哲医药,70,72,2.65,0.1114870175218239,99.073419,0.8375,0.6128,1104.54,4.79,0.88,22.0,0.5,12.5,0.8375,29.31,0.45,4.5,0.4,2.0,70.31,9.78,1.0,None,0.35
21,000823,超声电子,69,73,0.41,0.5839224092342936,105.6452005,0.8375,10.009,6168.86,2.24,0.4,10.0,0.88,22.0,0.8375,29.31,0.45,4.5,0.65,3.25,69.06,3.63,1.0,None,0.35
22,002081,金螳螂,69,72,4.18,0.16104074780676847,67.04948994,0.725,0.4202,1079.77,1.72,1.0,25.0,0.5,12.5,0.725,25.37,0.45,4.5,0.4,2.0,69.38,2.05,0.85,None,0.35
23,002342,巨力索具,69,65,0.59,0.28215040165548166,59.14895,0.8375,4.6419,1668.89,1.51,0.4,10.0,0.72,18.0,0.8375,29.31,0.68,6.8,0.9,4.5,68.61,3.66,1.0,None,0.35
24,600657,信达地产,69,73,0.0,0.810248829265611,25.95474284,0.8375,10.0977,2102.98,8.32,0.1,2.5,1.0,25.0,0.8375,29.31,0.88,8.8,0.65,3.25,68.86,19.82,1.0,None,0.35
25,605058,澳弘电子,69,73,0.0,1.1718085688792803,25.5833596,0.8375,10.0037,2997.88,2.43,0.1,2.5,1.0,25.0,0.8375,29.31,0.88,8.8,0.65,3.25,68.86,6.21,1.0,None,0.35
26,300404,博济医药,67,65,0.9,0.33188180511983556,36.94508048,0.8375,1.8974,1226.14,1.58,0.4,10.0,0.72,18.0,0.8375,29.31,0.68,6.8,0.65,3.25,67.36,3.63,1.0,None,0.35
27,300785,值得买,67,65,0.81,0.3500952784762887,37.94481336,0.8375,10.71,1328.43,1.56,0.4,10.0,0.72,18.0,0.8375,29.31,0.68,6.8,0.65,3.25,67.36,4.88,1.0,None,0.35
28,603533,掌阅科技,67,65,1.06,0.3971672768269672,55.6269393,0.8375,10.0,2209.32,3.74,0.4,10.0,0.72,18.0,0.8375,29.31,0.68,6.8,0.65,3.25,67.36,9.42,1.0,None,0.35
29,600360,华微电子,66,65,0.97,0.21148352632073172,85.18961412,0.8375,4.2396,1801.62,1.72,0.4,10.0,0.72,18.0,0.8375,29.31,0.45,4.5,0.9,4.5,66.31,4.67,1.0,None,0.35
30,603626,科森科技,66,65,0.38,0.2631850380470406,93.771288,0.8375,6.2667,2467.92,1.57,0.4,10.0,0.72,18.0,0.8375,29.31,0.45,4.5,0.9,4.5,66.31,4.83,1.0,None,0.35
31,002181,粤传媒,65,65,0.22,0.3113858610849532,33.37884374,0.725,3.5673,1039.37,1.42,0.4,10.0,0.72,18.0,0.725,25.37,0.68,6.8,0.9,4.5,64.67,2.94,0.85,None,0.35
32,600059,古越龙山,65,65,1.97,0.22090854285720146,63.72410871,0.725,-2.9126,1407.72,1.23,0.65,16.25,0.72,18.0,0.725,25.37,0.45,4.5,0.25,1.25,65.38,2.63,0.85,None,0.35
33,601519,大智慧,65,65,1.11,0.2222823488101221,90.69321117,0.8375,10.0122,2015.95,4.51,0.4,10.0,0.72,18.0,0.8375,29.31,0.45,4.5,0.65,3.25,65.06,13.54,1.0,None,0.35
